# Copyright (C) 1991-2013 Altera Corporation
# Your use of Altera Corporation's design tools, logic functions 
# and other software and tools, and its AMPP partner logic 
# functions, and any output files from any of the foregoing 
# (including device programming or simulation files), and any 
# associated documentation or information are expressly subject 
# to the terms and conditions of the Altera Program License 
# Subscription Agreement, Altera MegaCore Function License 
# Agreement, or other applicable license agreement, including, 
# without limitation, that your use is for the sole purpose of 
# programming logic devices manufactured by Altera and sold by 
# Altera or its authorized distributors.  Please refer to the 
# applicable agreement for further details.

# Quartus II 64-Bit Version 13.0.1 Build 232 06/12/2013 Service Pack 1 SJ Web Edition
# File: O:\80286 Mainboard\@286 AT PC ATX mainboard\000_REV_3_D\U1_SYSTEM_CONTROLLER\U1_SYSTEM_CONTROLLER.csv
# Generated on: Mon Jun 30 14:32:33 2025

# Note: The column header names should not be changed if you wish to import this .csv file into the Quartus II software.

To,Location,Direction,Reserved,Fitter Location
0WS,PIN_94,Input,,PIN_94
16M,PIN_90,Input,,PIN_90
286_BUSY_n,PIN_79,Output,,PIN_79
286_CLK,PIN_97,Output,,PIN_97
286_HLDA,PIN_5,Input,,PIN_5
287_BUSY_n,PIN_76,Input,,PIN_76
287_CLK,PIN_96,Output,,PIN_96
287_ERROR_n,PIN_77,Input,,PIN_77
8042_CLK,PIN_65,Output,,PIN_65
8042_RC,PIN_83,Input,,PIN_83
A0,PIN_85,Input,,PIN_85
A1,PIN_84,Input,,PIN_84
AEN,PIN_40,Output,,PIN_40
AEN_1_n,PIN_45,Input,,PIN_45
AEN_2_n,PIN_44,Input,,PIN_44
ALE,PIN_23,Output,,PIN_23
BALE,PIN_41,Output,,PIN_41
CNTL_OFF_n,PIN_6,Output,,PIN_6
CONV_LED_n,PIN_61,Output,,PIN_61
DIR_245,PIN_7,Output,,PIN_7
DMA_AEN_n,PIN_17,Output,,PIN_17
DMA_CLK,PIN_25,Output,,PIN_25
DT_R,PIN_9,Output,,PIN_9
FCLOCK,PIN_87,Input,,PIN_87
FSYS_16,PIN_22,Input,,PIN_22
GATE_245,PIN_8,Output,,PIN_8
INTA_n,PIN_52,Bidir,,PIN_52
IO_CS_16_n,PIN_16,Input,,PIN_16
IOCH_RDY,PIN_46,Input,,PIN_46
IOR_n,PIN_19,Bidir,,PIN_19
IOW_n,PIN_20,Bidir,,PIN_20
IRQ13,PIN_78,Output,,PIN_78
LS_A0,PIN_47,Output,,PIN_47
M_IO_n,PIN_1,Input,,PIN_1
MASTER_n,PIN_10,Input,,PIN_10
MEM_RD_WR_n,PIN_21,Output,,PIN_21
MEMR_n,PIN_54,Bidir,,PIN_54
MEMW_n,PIN_53,Bidir,,PIN_53
NPCS_n,PIN_80,Output,,PIN_80
READY,PIN_100,Output,,PIN_100
RES_n,PIN_89,Input,,PIN_89
RESET,PIN_60,Output,,PIN_60
RESET_286,PIN_81,Output,,PIN_81
RESET_287,PIN_92,Output,,PIN_92
RESET_n,PIN_50,Output,,PIN_50
S0,PIN_98,Input,,PIN_98
S1,PIN_99,Input,,PIN_99
SA0,PIN_37,Input,,PIN_37
SA1,PIN_36,Input,,PIN_36
SA2,PIN_35,Input,,PIN_35
SA3,PIN_33,Input,,PIN_33
SA4,PIN_32,Input,,PIN_32
SA5,PIN_31,Input,,PIN_31
SA6,PIN_30,Input,,PIN_30
SA7,PIN_29,Input,,PIN_29
SA8,PIN_28,Input,,PIN_28
SA9,PIN_27,Input,,PIN_27
SBHE,PIN_42,Input,,PIN_42
SDH_GATE_n,PIN_12,Output,,PIN_12
SDL_GATE_245_n,PIN_13,Output,,PIN_13
SDL_GATE_574_n,PIN_14,Output,,PIN_14
SLOW_AT_CYCLE_n,PIN_88,Input,,PIN_88
SYS_CLK,PIN_24,Output,,PIN_24
TCK,,Input,,PIN_62
TDI,,Input,,PIN_4
TDO,,Output,,PIN_73
TMS,,Input,,PIN_15
XIOR_n,PIN_48,Bidir,,PIN_48
XIOW_n,PIN_49,Bidir,,PIN_49
