# Copyright (C) 1991-2013 Altera Corporation
# Your use of Altera Corporation's design tools, logic functions 
# and other software and tools, and its AMPP partner logic 
# functions, and any output files from any of the foregoing 
# (including device programming or simulation files), and any 
# associated documentation or information are expressly subject 
# to the terms and conditions of the Altera Program License 
# Subscription Agreement, Altera MegaCore Function License 
# Agreement, or other applicable license agreement, including, 
# without limitation, that your use is for the sole purpose of 
# programming logic devices manufactured by Altera and sold by 
# Altera or its authorized distributors.  Please refer to the 
# applicable agreement for further details.

# Quartus II 64-Bit Version 13.0.1 Build 232 06/12/2013 Service Pack 1 SJ Web Edition
# File: O:\80286 Mainboard\@286 AT PC ATX mainboard\000_REV_3_D\U4_IO_DECODER (PINS AVAILABLE! )\U4_IO_DECODER.csv
# Generated on: Mon Jun 30 14:42:01 2025

# Note: The column header names should not be changed if you wish to import this .csv file into the Quartus II software.

To,Location,Direction,Reserved,Fitter Location
8042_CS_n,PIN_109,Output,,PIN_109
AEN,PIN_183,Input,,PIN_183
COM1_CS_n,PIN_36,Output,,PIN_36
DA0,PIN_44,Output,,PIN_44
DA1,PIN_45,Output,,PIN_45
DA2,PIN_46,Output,,PIN_46
DACK2_n,PIN_38,Input,,PIN_38
DD_DIR,PIN_3,Output,,PIN_3
DIOR_n,PIN_42,Output,,PIN_42
DIOW_n,PIN_43,Output,,PIN_43
DSP1_S0,PIN_139,Output,,PIN_139
DSP1_S1,PIN_140,Output,,PIN_140
DSP1_S2,PIN_133,Output,,PIN_133
DSP1_S3,PIN_135,Output,,PIN_135
DSP1_S4,PIN_136,Output,,PIN_136
DSP1_S5,PIN_138,Output,,PIN_138
DSP1_S6,PIN_137,Output,,PIN_137
DSP1_S7,PIN_132,Output,,PIN_132
DSP2_S0,PIN_144,Output,,PIN_144
DSP2_S1,PIN_145,Output,,PIN_145
DSP2_S2,PIN_129,Output,,PIN_129
DSP2_S3,PIN_130,Output,,PIN_130
DSP2_S4,PIN_131,Output,,PIN_131
DSP2_S5,PIN_142,Output,,PIN_142
DSP2_S6,PIN_141,Output,,PIN_141
DSP2_S7,PIN_128,Output,,PIN_128
FCLOCK,PIN_184,Input,,PIN_184
FDC_CS_n,PIN_37,Output,,PIN_37
FDC_LDCR_n,PIN_40,Output,,PIN_40
FDC_LDOR_n,PIN_39,Output,,PIN_39
GATE_DD_n,PIN_13,Output,,PIN_13
IDE1_CS0_n,PIN_76,Output,,PIN_76
IDE1_CS1_n,PIN_77,Output,,PIN_77
IDE1_D0,PIN_71,Bidir,,PIN_71
IDE1_D1,PIN_69,Bidir,,PIN_69
IDE1_D2,PIN_67,Bidir,,PIN_67
IDE1_D3,PIN_65,Bidir,,PIN_65
IDE1_D4,PIN_62,Bidir,,PIN_62
IDE1_D5,PIN_60,Bidir,,PIN_60
IDE1_D6,PIN_58,Bidir,,PIN_58
IDE1_D7,PIN_56,Bidir,,PIN_56
IDE1_D8,PIN_55,Bidir,,PIN_55
IDE1_D9,PIN_57,Bidir,,PIN_57
IDE1_D10,PIN_59,Bidir,,PIN_59
IDE1_D11,PIN_61,Bidir,,PIN_61
IDE1_D12,PIN_64,Bidir,,PIN_64
IDE1_D13,PIN_66,Bidir,,PIN_66
IDE1_D14,PIN_68,Bidir,,PIN_68
IDE1_D15,PIN_70,Bidir,,PIN_70
IDE2_CS0_n,PIN_78,Output,,PIN_78
IDE2_CS1_n,PIN_79,Output,,PIN_79
IDE2_D0,PIN_102,Bidir,,PIN_102
IDE2_D1,PIN_100,Bidir,,PIN_100
IDE2_D2,PIN_98,Bidir,,PIN_98
IDE2_D3,PIN_96,Bidir,,PIN_96
IDE2_D4,PIN_93,Bidir,,PIN_93
IDE2_D5,PIN_91,Bidir,,PIN_91
IDE2_D6,PIN_89,Bidir,,PIN_89
IDE2_D7,PIN_87,Bidir,,PIN_87
IDE2_D8,PIN_86,Bidir,,PIN_86
IDE2_D9,PIN_88,Bidir,,PIN_88
IDE2_D10,PIN_90,Bidir,,PIN_90
IDE2_D11,PIN_92,Bidir,,PIN_92
IDE2_D12,PIN_95,Bidir,,PIN_95
IDE2_D13,PIN_97,Bidir,,PIN_97
IDE2_D14,PIN_99,Bidir,,PIN_99
IDE2_D15,PIN_101,Bidir,,PIN_101
INTR1_CS_n,PIN_4,Output,,PIN_4
INTR2_CS_n,PIN_6,Output,,PIN_6
IO_CS_16_n,PIN_73,Input,,PIN_73
IOCH_RDY,PIN_80,Input,,PIN_80
IOR_n,PIN_190,Input,,PIN_190
IOW_n,PIN_188,Input,,PIN_188
IRQ8,PIN_7,Output,,PIN_7
KBD_CLK_OUT,PIN_120,Input,,PIN_120
KBD_CLK_OUT_n,PIN_121,Output,,PIN_121
LPT_ACK_n,PIN_15,Input,,PIN_15
LPT_AUTO_FD_XT_n,PIN_19,Output,,PIN_19
LPT_BUSY,PIN_16,Input,,PIN_16
LPT_ERROR_n,PIN_20,Input,,PIN_20
LPT_EXT_DATA_IN,PIN_10,Output,,PIN_10
LPT_INIT_n,PIN_21,Output,,PIN_21
LPT_PE,PIN_17,Input,,PIN_17
LPT_RD_A_n,PIN_8,Output,,PIN_8
LPT_SELECT,PIN_18,Input,,PIN_18
LPT_SELECT_IN_n,PIN_22,Output,,PIN_22
LPT_STROBE_n,PIN_12,Output,,PIN_12
LPT_WR_A_n,PIN_9,Output,,PIN_9
OSC,PIN_193,Input,,PIN_193
OUT1,PIN_112,Input,,PIN_112
OUT2,PIN_113,Input,,PIN_113
RESET_n,PIN_182,Input,,PIN_182
RTC_AS,PIN_115,Output,,PIN_115
RTC_DS_n,PIN_119,Output,,PIN_119
RTC_IRQ_n,PIN_118,Input,,PIN_118
RTC_RW_n,PIN_117,Output,,PIN_117
SA0,PIN_187,Input,,PIN_187
SA1,PIN_178,Input,,PIN_178
SA2,PIN_177,Input,,PIN_177
SA3,PIN_175,Input,,PIN_175
SA4,PIN_173,Input,,PIN_173
SA5,PIN_172,Input,,PIN_172
SA6,PIN_171,Input,,PIN_171
SA7,PIN_170,Input,,PIN_170
SA8,PIN_169,Input,,PIN_169
SA9,PIN_168,Input,,PIN_168
SD0,PIN_159,Bidir,,PIN_159
SD1,PIN_160,Bidir,,PIN_160
SD2,PIN_161,Bidir,,PIN_161
SD3,PIN_162,Bidir,,PIN_162
SD4,PIN_163,Bidir,,PIN_163
SD5,PIN_164,Bidir,,PIN_164
SD6,PIN_166,Bidir,,PIN_166
SD7,PIN_167,Bidir,,PIN_167
SD8,PIN_154,Bidir,,PIN_154
SD9,PIN_153,Bidir,,PIN_153
SD10,PIN_151,Bidir,,PIN_151
SD11,PIN_150,Bidir,,PIN_150
SD12,PIN_149,Bidir,,PIN_149
SD13,PIN_148,Bidir,,PIN_148
SD14,PIN_147,Bidir,,PIN_147
SD15,PIN_146,Bidir,,PIN_146
SM_IO_n,PIN_192,Input,,PIN_192
SPEAKER,PIN_114,Output,,PIN_114
SYS_CLK,PIN_181,Input,,PIN_181
TCK,,Input,,PIN_30
TCLK,PIN_108,Output,,PIN_108
TDI,,Input,,PIN_176
TDO,,Output,,PIN_189
TIM2_GATE_SPK,PIN_111,Output,,PIN_111
TIMER_CS_n,PIN_110,Output,,PIN_110
TMS,,Input,,PIN_127
UART_CLOCK,PIN_49,Output,,PIN_49
