# Copyright (C) 1991-2013 Altera Corporation
# Your use of Altera Corporation's design tools, logic functions 
# and other software and tools, and its AMPP partner logic 
# functions, and any output files from any of the foregoing 
# (including device programming or simulation files), and any 
# associated documentation or information are expressly subject 
# to the terms and conditions of the Altera Program License 
# Subscription Agreement, Altera MegaCore Function License 
# Agreement, or other applicable license agreement, including, 
# without limitation, that your use is for the sole purpose of 
# programming logic devices manufactured by Altera and sold by 
# Altera or its authorized distributors.  Please refer to the 
# applicable agreement for further details.

# Quartus II 64-Bit Version 13.0.1 Build 232 06/12/2013 Service Pack 1 SJ Web Edition
# File: O:\80286 Mainboard\@286 AT PC ATX mainboard\000_REV_3_D\U2_DATA_BUS_DRIVER\U2_DATA_BUS_DRIVER.csv
# Generated on: Mon Jun 30 14:36:45 2025

# Note: The column header names should not be changed if you wish to import this .csv file into the Quartus II software.

To,Location,Direction,Reserved,Fitter Location
286_HLDA,PIN_88,Input,,PIN_88
AEN,PIN_12,Input,,PIN_12
CNTL_OFF_n,PIN_90,Input,,PIN_90
D0,PIN_99,Bidir,,PIN_99
D1,PIN_97,Bidir,,PIN_97
D2,PIN_94,Bidir,,PIN_94
D3,PIN_92,Bidir,,PIN_92
D4,PIN_84,Bidir,,PIN_84
D5,PIN_81,Bidir,,PIN_81
D6,PIN_79,Bidir,,PIN_79
D7,PIN_77,Bidir,,PIN_77
D8,PIN_98,Bidir,,PIN_98
D9,PIN_96,Bidir,,PIN_96
D10,PIN_93,Bidir,,PIN_93
D11,PIN_85,Bidir,,PIN_85
D12,PIN_83,Bidir,,PIN_83
D13,PIN_80,Bidir,,PIN_80
D14,PIN_78,Bidir,,PIN_78
D15,PIN_76,Bidir,,PIN_76
DIR_245,PIN_75,Input,,PIN_75
DMA_AEN_n,PIN_60,Input,,PIN_60
DT_R,PIN_70,Input,,PIN_70
FCLOCK,PIN_87,Input,,PIN_87
GATE_245,PIN_72,Input,,PIN_72
RESET_DRV,PIN_100,Output,,PIN_100
RESET_n,PIN_89,Input,,PIN_89
SA0,PIN_47,Input,,PIN_47
SA1,PIN_48,Input,,PIN_48
SA2,PIN_49,Input,,PIN_49
SA3,PIN_50,Input,,PIN_50
SA4,PIN_52,Input,,PIN_52
SA5,PIN_53,Input,,PIN_53
SA6,PIN_54,Input,,PIN_54
SA7,PIN_55,Input,,PIN_55
SA8,PIN_56,Input,,PIN_56
SD0,PIN_10,Bidir,,PIN_10
SD1,PIN_9,Bidir,,PIN_9
SD2,PIN_8,Bidir,,PIN_8
SD3,PIN_7,Bidir,,PIN_7
SD4,PIN_6,Bidir,,PIN_6
SD5,PIN_5,Bidir,,PIN_5
SD6,PIN_2,Bidir,,PIN_2
SD7,PIN_1,Bidir,,PIN_1
SD8,PIN_14,Bidir,,PIN_14
SD9,PIN_16,Bidir,,PIN_16
SD10,PIN_17,Bidir,,PIN_17
SD11,PIN_19,Bidir,,PIN_19
SD12,PIN_20,Bidir,,PIN_20
SD13,PIN_21,Bidir,,PIN_21
SD14,PIN_22,Bidir,,PIN_22
SD15,PIN_23,Bidir,,PIN_23
SDH_GATE_n,PIN_67,Input,,PIN_67
SDL_GATE_245_n,PIN_65,Input,,PIN_65
SDL_GATE_574_n,PIN_64,Input,,PIN_64
SPARE1,PIN_57,Input,,PIN_57
SPARE2,PIN_61,Input,,PIN_61
SPARE3,PIN_63,Input,,PIN_63
TCK,,Input,,PIN_62
TDI,,Input,,PIN_4
TDO,,Output,,PIN_73
TMS,,Input,,PIN_15
XA0,PIN_35,Output,,PIN_35
XA1,PIN_36,Output,,PIN_36
XA2,PIN_37,Output,,PIN_37
XA3,PIN_40,Output,,PIN_40
XA4,PIN_41,Output,,PIN_41
XA5,PIN_42,Output,,PIN_42
XA6,PIN_44,Output,,PIN_44
XA7,PIN_45,Output,,PIN_45
XA8,PIN_46,Output,,PIN_46
XD0,PIN_32,Bidir,,PIN_32
XD1,PIN_31,Bidir,,PIN_31
XD2,PIN_30,Bidir,,PIN_30
XD3,PIN_29,Bidir,,PIN_29
XD4,PIN_28,Bidir,,PIN_28
XD5,PIN_27,Bidir,,PIN_27
XD6,PIN_25,Bidir,,PIN_25
XD7,PIN_24,Bidir,,PIN_24
XD_DIR,PIN_33,Input,,PIN_33
