# Copyright (C) 1991-2013 Altera Corporation
# Your use of Altera Corporation's design tools, logic functions 
# and other software and tools, and its AMPP partner logic 
# functions, and any output files from any of the foregoing 
# (including device programming or simulation files), and any 
# associated documentation or information are expressly subject 
# to the terms and conditions of the Altera Program License 
# Subscription Agreement, Altera MegaCore Function License 
# Agreement, or other applicable license agreement, including, 
# without limitation, that your use is for the sole purpose of 
# programming logic devices manufactured by Altera and sold by 
# Altera or its authorized distributors.  Please refer to the 
# applicable agreement for further details.

# Quartus II 64-Bit Version 13.0.1 Build 232 06/12/2013 Service Pack 1 SJ Web Edition
# File: O:\80286 Mainboard\@286 AT PC ATX mainboard\000_REV_3_D\U5_EMS_CONTROLLER\U5_EMS_CONTROLLER.csv
# Generated on: Mon Jun 30 14:43:26 2025

# Note: The column header names should not be changed if you wish to import this .csv file into the Quartus II software.

To,Location,Direction,Reserved,Fitter Location
AEN,PIN_7,Input,,PIN_7
EMS_A14,PIN_76,Output,,PIN_76
EMS_A15,PIN_73,Output,,PIN_73
EMS_A16,PIN_71,Output,,PIN_71
EMS_A17,PIN_70,Output,,PIN_70
EMS_A18,PIN_69,Output,,PIN_69
EMS_A19,PIN_68,Output,,PIN_68
EMS_A20,PIN_67,Output,,PIN_67
EMS_DEFAULT_n,PIN_55,Output,,PIN_55
EMS_RANGE_n,PIN_181,Input,,PIN_181
EMSRAM1H_CS_n,PIN_59,Output,,PIN_59
EMSRAM1L_CS_n,PIN_64,Output,,PIN_64
EMSRAM2H_CS_n,PIN_58,Output,,PIN_58
EMSRAM2L_CS_n,PIN_62,Output,,PIN_62
EMSRAM3H_CS_n,PIN_57,Output,,PIN_57
EMSRAM3L_CS_n,PIN_61,Output,,PIN_61
EMSRAM4H_CS_n,PIN_56,Output,,PIN_56
EMSRAM4L_CS_n,PIN_60,Output,,PIN_60
FCLOCK,PIN_184,Input,,PIN_184
IOR_n,PIN_34,Input,,PIN_34
IOW_n,PIN_31,Input,,PIN_31
MA0,PIN_49,Output,,PIN_49
MA1,PIN_101,Output,,PIN_101
MA2,PIN_99,Output,,PIN_99
MA3,PIN_97,Output,,PIN_97
MA4,PIN_95,Output,,PIN_95
MA5,PIN_92,Output,,PIN_92
MA6,PIN_102,Output,,PIN_102
MA7,PIN_100,Output,,PIN_100
MA8,PIN_98,Output,,PIN_98
MA9,PIN_96,Output,,PIN_96
MA10,PIN_93,Output,,PIN_93
MA11,PIN_91,Output,,PIN_91
MA12,PIN_89,Output,,PIN_89
MA13,PIN_87,Output,,PIN_87
MA14,PIN_86,Output,,PIN_86
MA15,PIN_84,Output,,PIN_84
MA16,PIN_81,Output,,PIN_81
MA17,PIN_80,Output,,PIN_80
MA18,PIN_79,Output,,PIN_79
MA19,PIN_78,Output,,PIN_78
MA20,PIN_77,Output,,PIN_77
MD0,PIN_124,Bidir,,PIN_124
MD1,PIN_123,Bidir,,PIN_123
MD2,PIN_122,Bidir,,PIN_122
MD3,PIN_121,Bidir,,PIN_121
MD4,PIN_120,Bidir,,PIN_120
MD5,PIN_119,Bidir,,PIN_119
MD6,PIN_118,Bidir,,PIN_118
MD7,PIN_117,Bidir,,PIN_117
MD8,PIN_115,Bidir,,PIN_115
MD9,PIN_114,Bidir,,PIN_114
MD10,PIN_113,Bidir,,PIN_113
MD11,PIN_112,Bidir,,PIN_112
MD12,PIN_111,Bidir,,PIN_111
MD13,PIN_110,Bidir,,PIN_110
MD14,PIN_109,Bidir,,PIN_109
MD15,PIN_108,Bidir,,PIN_108
MD_DIR,PIN_25,Input,,PIN_25
MEM_BUS_n,PIN_22,Input,,PIN_22
MEMR_n,PIN_201,Input,,PIN_201
MEMRE_n,PIN_66,Output,,PIN_66
MEMRX_n,PIN_90,Output,,PIN_90
MEMW_n,PIN_202,Input,,PIN_202
MEMWE_n,PIN_65,Output,,PIN_65
MEMWX_n,PIN_88,Output,,PIN_88
PA0,PIN_136,Output,,PIN_136
PA1,PIN_135,Output,,PIN_135
PA2,PIN_133,Output,,PIN_133
PA3,PIN_132,Output,,PIN_132
PA4,PIN_131,Output,,PIN_131
PA5,PIN_128,Output,,PIN_128
PAGEREG1_WR_n,PIN_129,Output,,PIN_129
PAGEREG2_WR_n,PIN_130,Output,,PIN_130
PD0_EMS_A14,PIN_139,Bidir,,PIN_139
PD1_EMS_A15,PIN_141,Bidir,,PIN_141
PD2_EMS_A16,PIN_144,Bidir,,PIN_144
PD3_EMS_A17,PIN_146,Bidir,,PIN_146
PD4_EMS_A18,PIN_145,Bidir,,PIN_145
PD5_EMS_A19,PIN_142,Bidir,,PIN_142
PD6_EMS_A20,PIN_140,Bidir,,PIN_140
PD7_EMS_A21,PIN_138,Bidir,,PIN_138
PD8_EMS_A22,PIN_148,Bidir,,PIN_148
PD9,PIN_149,Bidir,,PIN_149
PD10,PIN_150,Bidir,,PIN_150
PD11,PIN_147,Bidir,,PIN_147
PD12,PIN_151,Bidir,,PIN_151
PD13,PIN_154,Bidir,,PIN_154
PD14,PIN_153,Bidir,,PIN_153
PD15_EMSDFLT,PIN_137,Bidir,,PIN_137
RESET_n,PIN_182,Input,,PIN_182
SA0,PIN_188,Input,,PIN_188
SA1,PIN_190,Input,,PIN_190
SA2,PIN_194,Input,,PIN_194
SA3,PIN_195,Input,,PIN_195
SA4,PIN_193,Input,,PIN_193
SA5,PIN_197,Input,,PIN_197
SA6,PIN_196,Input,,PIN_196
SA7,PIN_192,Input,,PIN_192
SA8,PIN_187,Input,,PIN_187
SA9,PIN_178,Input,,PIN_178
SA10,PIN_43,Input,,PIN_43
SA11,PIN_42,Input,,PIN_42
SA12,PIN_40,Input,,PIN_40
SA13,PIN_39,Input,,PIN_39
SA14,PIN_38,Input,,PIN_38
SA15,PIN_37,Input,,PIN_37
SA16,PIN_36,Input,,PIN_36
SA17,PIN_35,Input,,PIN_35
SA18,PIN_33,Input,,PIN_33
SA19,PIN_29,Input,,PIN_29
SA20,PIN_26,Input,,PIN_26
SBHE,PIN_6,Input,,PIN_6
SD0,PIN_167,Bidir,,PIN_167
SD1,PIN_166,Bidir,,PIN_166
SD2,PIN_164,Bidir,,PIN_164
SD3,PIN_163,Bidir,,PIN_163
SD4,PIN_162,Bidir,,PIN_162
SD5,PIN_161,Bidir,,PIN_161
SD6,PIN_160,Bidir,,PIN_160
SD7,PIN_159,Bidir,,PIN_159
SD8,PIN_168,Bidir,,PIN_168
SD9,PIN_169,Bidir,,PIN_169
SD10,PIN_170,Bidir,,PIN_170
SD11,PIN_171,Bidir,,PIN_171
SD12,PIN_172,Bidir,,PIN_172
SD13,PIN_173,Bidir,,PIN_173
SD14,PIN_175,Bidir,,PIN_175
SD15,PIN_177,Bidir,,PIN_177
SM_IO_n,PIN_24,Input,,PIN_24
SMEMR_n,PIN_28,Input,,PIN_28
SMEMW_n,PIN_27,Input,,PIN_27
SPARE_1,PIN_3,Input,,PIN_3
SPARE_2,PIN_4,Input,,PIN_4
TCK,,Input,,PIN_30
TDI,,Input,,PIN_176
TDO,,Output,,PIN_189
TMS,,Input,,PIN_127
