# Copyright (C) 1991-2013 Altera Corporation
# Your use of Altera Corporation's design tools, logic functions 
# and other software and tools, and its AMPP partner logic 
# functions, and any output files from any of the foregoing 
# (including device programming or simulation files), and any 
# associated documentation or information are expressly subject 
# to the terms and conditions of the Altera Program License 
# Subscription Agreement, Altera MegaCore Function License 
# Agreement, or other applicable license agreement, including, 
# without limitation, that your use is for the sole purpose of 
# programming logic devices manufactured by Altera and sold by 
# Altera or its authorized distributors.  Please refer to the 
# applicable agreement for further details.

# Quartus II 64-Bit Version 13.0.1 Build 232 06/12/2013 Service Pack 1 SJ Web Edition
# File: O:\80286 Mainboard\@286 AT PC ATX mainboard\000_REV_3_D\U3_ADDRESS_DRIVER_DECODER\U3_ADDRESS_DRIVER_DECODER.csv
# Generated on: Mon Jun 30 14:39:40 2025

# Note: The column header names should not be changed if you wish to import this .csv file into the Quartus II software.

To,Location,Direction,Reserved,Fitter Location
286_A20,PIN_10,Input,,PIN_10
286_HLDA,PIN_164,Input,,PIN_164
286_HRQ,PIN_163,Output,,PIN_163
A1,PIN_193,Input,,PIN_193
A2,PIN_194,Input,,PIN_194
A3,PIN_195,Input,,PIN_195
A4,PIN_196,Input,,PIN_196
A5,PIN_197,Input,,PIN_197
A6,PIN_198,Input,,PIN_198
A7,PIN_199,Input,,PIN_199
A8,PIN_201,Input,,PIN_201
A9,PIN_202,Input,,PIN_202
A10,PIN_203,Input,,PIN_203
A11,PIN_204,Input,,PIN_204
A12,PIN_205,Input,,PIN_205
A13,PIN_206,Input,,PIN_206
A14,PIN_3,Input,,PIN_3
A15,PIN_4,Input,,PIN_4
A16,PIN_6,Input,,PIN_6
A17,PIN_7,Input,,PIN_7
A18,PIN_8,Input,,PIN_8
A19,PIN_9,Input,,PIN_9
A20_GATE,PIN_132,Input,,PIN_132
A21,PIN_11,Input,,PIN_11
A22,PIN_12,Input,,PIN_12
A23,PIN_13,Input,,PIN_13
AEN_1_n,PIN_177,Output,,PIN_177
AEN_2_n,PIN_175,Output,,PIN_175
AEN_n,PIN_91,Output,,PIN_91
ALE,PIN_169,Input,,PIN_169
BHE,PIN_166,Input,,PIN_166
BIOSRAM_LED_n,PIN_133,Output,,PIN_133
BIOSROM_CS_n,PIN_153,Output,,PIN_153
DACK0_n,PIN_59,Input,,PIN_59
DACK2_n,PIN_37,Input,,PIN_37
DACK3_n,PIN_22,Input,,PIN_22
DACK4,PIN_112,Output,,PIN_112
DACK4_n,PIN_95,Input,,PIN_95
DACK6_n,PIN_64,Input,,PIN_64
DACK7_n,PIN_65,Input,,PIN_65
DD7,PIN_150,Output,,PIN_150
DMA1_ADSTB,PIN_111,Input,,PIN_111
DMA1_AEN,PIN_110,Input,,PIN_110
DMA1_CS_n,PIN_109,Output,,PIN_109
DMA1_EOP_n,PIN_99,Input,,PIN_99
DMA2_ADSTB,PIN_117,Input,,PIN_117
DMA2_AEN,PIN_115,Input,,PIN_115
DMA2_CS_n,PIN_113,Output,,PIN_113
DMA2_EOP_n,PIN_108,Input,,PIN_108
DMA_CLK,PIN_181,Input,,PIN_181
DMA_MEMR_n,PIN_100,Input,,PIN_100
DMA_RDY,PIN_119,Output,,PIN_119
EMS_DEFAULT_n,PIN_130,Input,,PIN_130
EMS_EN_n,PIN_154,Input,,PIN_154
EMS_LED_n,PIN_135,Output,,PIN_135
FDC_DC_n,PIN_136,Input,,PIN_136
FSYS_16,PIN_168,Output,,PIN_168
HLDA1,PIN_118,Output,,PIN_118
HRQ1,PIN_114,Input,,PIN_114
INTA_n,PIN_151,Input,,PIN_151
IOCH_RDY,PIN_178,Input,,PIN_178
IOR_n,PIN_20,Input,,PIN_20
IOW_n,PIN_18,Input,,PIN_18
LA17,PIN_60,Bidir,,PIN_60
LA18,PIN_58,Bidir,,PIN_58
LA19,PIN_57,Bidir,,PIN_57
LA20,PIN_56,Bidir,,PIN_56
LA21,PIN_55,Bidir,,PIN_55
LA22,PIN_49,Bidir,,PIN_49
LA23,PIN_48,Bidir,,PIN_48
LEMS_RANGE_n,PIN_187,Output,,PIN_187
LS_A0,PIN_171,Input,,PIN_171
M_IO_n,PIN_172,Input,,PIN_172
MAP_A16,PIN_101,Input,,PIN_101
MAP_A20,PIN_90,Input,,PIN_90
MAP_MA0,PIN_98,Output,,PIN_98
MAP_MA1,PIN_97,Output,,PIN_97
MAP_MA2,PIN_96,Output,,PIN_96
MAP_R_W_n,PIN_92,Output,,PIN_92
MASTER_n,PIN_66,Input,,PIN_66
MD_DIR,PIN_188,Output,,PIN_188
MEM_BUS_n,PIN_149,Output,,PIN_149
MEM_CS_16_n,PIN_46,Input,,PIN_46
MEM_RD_WR_n,PIN_167,Input,,PIN_167
MEMR_n,PIN_61,Bidir,,PIN_61
MEMW_n,PIN_62,Bidir,,PIN_62
PG_REG_CS_n,PIN_93,Output,,PIN_93
RESET_n,PIN_182,Input,,PIN_182
ROM8_CS_n,PIN_138,Output,,PIN_138
ROM8_EN_n,PIN_139,Input,,PIN_139
ROMWE_n,PIN_140,Output,,PIN_140
SA0,PIN_45,Bidir,,PIN_45
SA1,PIN_44,Bidir,,PIN_44
SA2,PIN_43,Bidir,,PIN_43
SA3,PIN_42,Bidir,,PIN_42
SA4,PIN_40,Bidir,,PIN_40
SA5,PIN_38,Bidir,,PIN_38
SA6,PIN_36,Bidir,,PIN_36
SA7,PIN_35,Bidir,,PIN_35
SA8,PIN_34,Bidir,,PIN_34
SA9,PIN_33,Bidir,,PIN_33
SA10,PIN_31,Bidir,,PIN_31
SA11,PIN_29,Bidir,,PIN_29
SA12,PIN_28,Bidir,,PIN_28
SA13,PIN_27,Bidir,,PIN_27
SA14,PIN_26,Bidir,,PIN_26
SA15,PIN_25,Bidir,,PIN_25
SA16,PIN_24,Bidir,,PIN_24
SA17,PIN_21,Bidir,,PIN_21
SA18,PIN_19,Bidir,,PIN_19
SA19,PIN_17,Bidir,,PIN_17
SA20,PIN_192,Output,,PIN_192
SBHE,PIN_47,Bidir,,PIN_47
SLOW_AT_CYCLE_n,PIN_170,Output,,PIN_170
SM_IO_n,PIN_148,Output,,PIN_148
SMEMR_n,PIN_16,Output,,PIN_16
SMEMW_n,PIN_15,Output,,PIN_15
SYS_CLK,PIN_184,Input,,PIN_184
T_C,PIN_39,Output,,PIN_39
TCK,,Input,,PIN_30
TDI,,Input,,PIN_176
TDO,,Output,,PIN_189
TMS,,Input,,PIN_127
XA0,PIN_78,Input,,PIN_78
XA1,PIN_79,Input,,PIN_79
XA2,PIN_80,Input,,PIN_80
XA3,PIN_81,Input,,PIN_81
XA4,PIN_84,Input,,PIN_84
XA5,PIN_86,Input,,PIN_86
XA6,PIN_87,Input,,PIN_87
XA7,PIN_88,Input,,PIN_88
XA8,PIN_89,Input,,PIN_89
XD0,PIN_77,Input,,PIN_77
XD1,PIN_76,Input,,PIN_76
XD2,PIN_73,Input,,PIN_73
XD3,PIN_71,Input,,PIN_71
XD4,PIN_70,Input,,PIN_70
XD5,PIN_69,Input,,PIN_69
XD6,PIN_68,Input,,PIN_68
XD7,PIN_67,Input,,PIN_67
XD_DIR,PIN_190,Output,,PIN_190
XMEMW_n,PIN_102,Input,,PIN_102
XMS_1H_CS_n,PIN_121,Output,,PIN_121
XMS_1L_CS_n,PIN_120,Output,,PIN_120
XMS_2H_CS_n,PIN_123,Output,,PIN_123
XMS_2L_CS_n,PIN_122,Output,,PIN_122
XMS_3H_CS_n,PIN_126,Output,,PIN_126
XMS_3L_CS_n,PIN_124,Output,,PIN_124
XMS_4H_CS_n,PIN_129,Output,,PIN_129
XMS_4L_CS_n,PIN_128,Output,,PIN_128
XMS_LED_n,PIN_137,Output,,PIN_137
